[
    {
        "person": {
            "name": "Rebecca Richardson",
            "age": 69,
            "address": {
                "street": "6675 Dana Meadows Suite 665",
                "city": "Gregville",
                "state": "MA",
                "zip": "18397"
            },
            "phone_numbers": [
                {
                    "type": "home",
                    "number": "8908692921"
                }
            ]
        }
    },
    {
        "person": {
            "name": "Kevin Sanchez",
            "age": 70,
            "address": {
                "street": "95472 Elizabeth Terrace",
                "city": "North Eric",
                "state": "SD",
                "zip": "58573"
            }
        }
    },
    {
        "person": {
            "name": "George Wallace",
            "age": 53,
            "address": {
                "street": "606 Ellis Courts Apt. 996",
                "city": "Deckerville",
                "state": "MA",
                "zip": "51495"
            },
            "phone_numbers": [
                {
                    "type": "home",
                    "number": "+1-920-130-7082"
                },
                {
                    "type": "work",
                    "number": "+1-933-787-7467x475"
                }
            ]
        }
    },
    {
        "person": {
            "name": "Jonathan Johnson",
            "age": 64,
            "address": {
                "street": "8427 Catherine Cliffs",
                "city": "Lake Benjaminburgh",
                "state": "SD",
                "zip": "64476"
            }
        }
    },
    {
        "person": {
            "name": "Benjamin Barrett",
            "age": 80,
            "address": {
                "street": "97649 Foster Centers",
                "city": "Lake Courtneyfort",
                "state": "MA",
                "zip": "62561"
            },
            "phone_numbers": [
                {
                    "type": "home",
                    "number": "+1-804-607-1523x716"
                }
            ]
        }
    },
    {
        "person": {
            "name": "James Gonzalez",
            "age": 64,
            "address": {
                "street": "5996 Ashley Cliff Apt. 629",
                "city": "East Christopher",
                "state": "MN",
                "zip": "13853"
            }
        }
    },
    {
        "person": {
            "name": "Matthew Dodson",
            "age": 22,
            "address": {
                "street": "538 Carter Track Apt. 714",
                "city": "East Audreyport",
                "state": "HI",
                "zip": "51045"
            },
            "phone_numbers": [
                {
                    "type": "home",
                    "number": "+1-712-505-5208x6575"
                },
                {
                    "type": "work",
                    "number": "850.251.9594"
                }
            ]
        }
    },
    {
        "person": {
            "name": "Katelyn Norton",
            "age": 31,
            "address": {
                "street": "8495 Ali Neck",
                "city": "South Shellybury",
                "state": "VI",
                "zip": "43908"
            },
            "phone_numbers": [
                {
                    "type": "home",
                    "number": "001-936-087-0488x29861"
                },
                {
                    "type": "work",
                    "number": "711-342-4665x6346"
                }
            ]
        }
    },
    {
        "person": {
            "name": "Heidi Jones",
            "age": 79,
            "address": {
                "street": "00119 Elizabeth Pass Apt. 012",
                "city": "Cindyhaven",
                "state": "TN",
                "zip": "31266"
            }
        }
    },
    {
        "person": {
            "name": "James Cardenas",
            "age": 22,
            "address": {
                "street": "463 Meghan Mountain Suite 055",
                "city": "West Seth",
                "state": "PA",
                "zip": "96159"
            }
        }
    }
]